quality,distance
7.6,1.104449496829877
7.66,1.1517229165567493
7.2,0.600577013140752
6.13,0.5193648384628682
6.33,0.5292216735968013
7.38,0.6902052642812782
7.15,0.5756695474201549
7.68,1.2727291009419985
6.91,0.5360423003402893
6.06,0.45532229601339846
5.89,0.4437606248678453
7.81,2.5147442661714585
7.5,1.0609923449551826
